{"status": "LOSE", "completing-ratio": 0.1598687469959259, "#kills": 2, "#kills-by-fire": 0, "#kills-by-stomp": 2, "#kills-by-shell": 0, "#coins": 1, "trace": [[8.0, 223.0], [8.0, 223.0], [8.0, 223.0], [8.0, 223.0], [8.0, 223.0], [8.0, 223.0], [8.0, 223.0], [8.0, 223.0], [8.0, 223.0], [8.0, 223.0], [8.0, 223.0], [8.0, 223.0], [8.0, 223.0], [8.0, 223.0], [8.0, 223.0], [8.0, 223.0], [8.0, 223.0], [8.0, 223.0], [8.0, 223.0], [8.0, 223.0], [8.0, 223.0], [8.0, 223.0], [8.0, 223.0], [8.0, 223.0], [8.0, 223.0], [8.0, 223.0], [8.0, 223.0], [8.0, 223.0], [8.0, 223.0], [8.0, 223.0], [8.0, 223.0], [8.0, 223.0], [8.0, 223.0], [8.0, 223.0], [8.0, 223.0], [8.0, 223.0], [8.0, 223.0], [8.0, 223.0], [8.0, 223.0], [8.600000381469727, 223.0], [9.734000205993652, 223.0], [11.343259811401367, 223.0], [13.37550163269043, 223.0], [15.784196853637695, 223.0], [18.527935028076172, 223.0], [21.569862365722656, 223.0], [24.877178192138672, 223.0], [28.42068862915039, 223.0], [32.17441177368164, 223.0], [36.11522674560547, 223.0], [40.22255325317383, 223.0], [44.47807312011719, 209.6999969482422], [48.86548614501953, 196.39999389648438], [53.37028121948242, 185.0], [57.979549407958984, 175.5], [62.68179702758789, 167.89999389648438], [67.466796875, 162.1999969482422], [72.32544708251953, 158.39999389648438], [77.24964904785156, 156.5], [82.23218536376953, 157.88499450683594], [87.26664733886719, 162.06224060058594], [92.3473129272461, 175.0], [97.46910858154297, 180.5680694580078], [102.62750244140625, 188.30091857910156], [107.81847381591797, 197.87384033203125], [113.03843688964844, 209.01083374023438], [118.2842025756836, 221.47727966308594], [123.55293273925781, 223.0], [128.84210205078125, 223.0], [134.1494598388672, 223.0], [134.1494598388672, 223.0], [134.1494598388672, 223.0], [134.1494598388672, 223.0], [134.1494598388672, 223.0], [134.1494598388672, 223.0], [134.1494598388672, 223.0], [134.1494598388672, 223.0], [134.1494598388672, 223.0], [134.1494598388672, 223.0], [134.1494598388672, 223.0], [134.1494598388672, 223.0], [134.1494598388672, 223.0], [134.1494598388672, 223.0], [134.1494598388672, 223.0], [134.1494598388672, 223.0], [134.1494598388672, 223.0], [134.1494598388672, 223.0], [134.1494598388672, 223.0], [134.1494598388672, 223.0], [134.1494598388672, 223.0], [134.1494598388672, 223.0], [134.1494598388672, 223.0], [134.1494598388672, 223.0], [134.1494598388672, 223.0], [134.1494598388672, 223.0], [134.1494598388672, 223.0], [134.1494598388672, 223.0], [134.1494598388672, 223.0], [134.1494598388672, 223.0], [134.1494598388672, 223.0], [134.1494598388672, 223.0], [134.1494598388672, 223.0], [134.1494598388672, 223.0], [134.1494598388672, 223.0], [134.1494598388672, 223.0], [134.1494598388672, 223.0], [134.1494598388672, 223.0], [134.1494598388672, 223.0], [134.1494598388672, 223.0], [134.1494598388672, 223.0], [134.1494598388672, 223.0], [134.1494598388672, 223.0], [134.1494598388672, 223.0], [134.1494598388672, 223.0], [134.1494598388672, 223.0], [134.1494598388672, 223.0], [134.1494598388672, 223.0], [134.1494598388672, 223.0], [134.1494598388672, 223.0], [134.1494598388672, 223.0], [134.7494659423828, 209.6999969482422], [135.8834686279297, 196.39999389648438], [137.4927215576172, 185.0], [139.52496337890625, 175.5], [141.93365478515625, 167.89999389648438], [144.67739868164062, 162.1999969482422], [147.71932983398438, 158.39999389648438], [151.02664184570312, 156.5], [154.57015991210938, 157.88499450683594], [158.32388305664062, 159.0], [162.2646942138672, 159.0], [166.3720245361328, 159.0], [170.62754821777344, 159.0], [175.01495361328125, 159.0], [179.51974487304688, 159.0], [184.12901306152344, 159.0], [188.83126831054688, 159.0], [193.61627197265625, 159.0], [198.4749298095703, 159.0], [203.3991241455078, 159.0], [208.3816680908203, 159.0], [213.41612243652344, 159.0], [218.49679565429688, 145.6999969482422], [223.61859130859375, 132.39999389648438], [228.77699279785156, 120.99999237060547], [233.9679718017578, 111.49999237060547], [239.1879425048828, 103.89999389648438], [244.4337158203125, 98.19999694824219], [249.70245361328125, 94.39999389648438], [254.9916229248047, 92.49999237060547], [260.2989807128906, 93.88499450683594], [265.6225280761719, 98.06224060058594], [270.9604797363281, 104.61289978027344], [276.311279296875, 113.18096160888672], [281.6734924316406, 123.46381378173828], [287.04583740234375, 135.20423889160156], [292.42724609375, 148.18359375], [297.8166809082031, 162.21604919433594], [303.2132873535156, 177.14364624023438], [308.61627197265625, 192.83209228515625], [314.0249328613281, 209.1672821044922], [319.4386291503906, 223.0], [324.8568115234375, 223.0], [330.27899169921875, 223.0], [335.7047424316406, 223.0], [341.1336669921875, 223.0], [346.5653991699219, 223.0], [351.9996337890625, 209.6999969482422], [357.43609619140625, 196.39999389648438], [362.87457275390625, 185.0], [368.3148193359375, 175.5], [373.7566223144531, 167.89999389648438], [379.1998291015625, 162.1999969482422], [379.0, 158.39999389648438], [379.6000061035156, 156.5], [380.7340087890625, 157.88499450683594], [382.34326171875, 159.0], [384.37548828125, 159.0], [386.7841796875, 159.0], [389.5279235839844, 159.0], [392.5698547363281, 159.0], [395.8771667480469, 159.0], [395.8771667480469, 159.0], [395.8771667480469, 159.0], [395.8771667480469, 159.0], [395.8771667480469, 159.0], [395.8771667480469, 159.0], [395.8771667480469, 159.0], [395.8771667480469, 159.0], [395.8771667480469, 159.0], [395.8771667480469, 159.0], [395.8771667480469, 159.0], [395.8771667480469, 159.0], [395.8771667480469, 159.0], [395.8771667480469, 159.0], [395.8771667480469, 159.0], [395.8771667480469, 159.0], [395.8771667480469, 159.0], [395.8771667480469, 159.0], [395.8771667480469, 159.0], [395.8771667480469, 159.0], [395.8771667480469, 159.0], [395.8771667480469, 159.0], [395.8771667480469, 159.0], [395.8771667480469, 159.0], [395.8771667480469, 159.0], [395.8771667480469, 159.0], [395.8771667480469, 159.0], [395.8771667480469, 159.0], [395.8771667480469, 159.0], [395.8771667480469, 159.0], [395.8771667480469, 159.0], [395.8771667480469, 159.0], [395.8771667480469, 159.0], [395.8771667480469, 159.0], [395.8771667480469, 159.0], [395.8771667480469, 159.0], [395.8771667480469, 159.0], [395.8771667480469, 159.0], [395.8771667480469, 159.0], [395.8771667480469, 159.0], [395.8771667480469, 159.0], [395.8771667480469, 159.0], [395.8771667480469, 159.0], [395.8771667480469, 159.0], [395.8771667480469, 159.0], [395.8771667480469, 159.0], [395.8771667480469, 159.0], [395.8771667480469, 159.0], [395.8771667480469, 159.0], [395.8771667480469, 159.0], [395.8771667480469, 159.0], [396.4771728515625, 159.0], [397.6111755371094, 145.6999969482422], [399.2204284667969, 132.39999389648438], [401.2526550292969, 120.99999237060547], [403.6613464355469, 111.49999237060547], [406.40509033203125, 103.89999389648438], [409.447021484375, 98.19999694824219], [412.75433349609375, 94.39999389648438], [416.2978515625, 92.49999237060547], [420.05157470703125, 93.88499450683594], [423.9924011230469, 98.06224060058594], [428.0997314453125, 104.61289978027344], [432.3552551269531, 113.18096160888672], [436.74267578125, 123.46381378173828], [441.2474670410156, 135.20423889160156], [445.85675048828125, 148.18359375], [450.5589904785156, 162.21604919433594], [455.343994140625, 175.0], [459.0, 175.0], [459.6000061035156, 175.0], [459.0, 175.0], [459.6000061035156, 175.0], [459.0, 175.0], [459.6000061035156, 161.6999969482422], [459.0, 148.39999389648438], [459.6000061035156, 137.0], [460.7340087890625, 127.5], [462.34326171875, 119.9000015258789], [464.37548828125, 114.20000457763672], [466.7841796875, 110.4000015258789], [469.5279235839844, 108.5], [472.5698547363281, 109.88500213623047], [475.27716064453125, 114.062255859375], [477.6866760253906, 120.6129150390625], [479.8311462402344, 129.1809844970703], [481.7397155761719, 139.46383666992188], [483.4383544921875, 151.2042694091797], [484.95013427734375, 