{"status": "LOSE", "completing-ratio": 0.7741118669509888, "#kills": 1, "#kills-by-fire": 0, "#kills-by-stomp": 0, "#kills-by-shell": 0, "#coins": 1, "trace": [[8.0, 223.0], [8.0, 223.0], [8.0, 223.0], [8.0, 223.0], [8.0, 223.0], [8.0, 223.0], [8.0, 223.0], [8.0, 223.0], [8.0, 223.0], [8.0, 223.0], [8.0, 223.0], [8.0, 223.0], [8.0, 223.0], [8.0, 223.0], [8.0, 223.0], [8.0, 223.0], [8.0, 223.0], [8.0, 223.0], [8.0, 223.0], [8.0, 223.0], [8.0, 223.0], [8.0, 223.0], [8.0, 223.0], [8.0, 223.0], [8.0, 223.0], [8.0, 223.0], [8.0, 223.0], [8.0, 223.0], [8.0, 223.0], [8.0, 223.0], [8.0, 223.0], [8.0, 223.0], [8.0, 223.0], [8.0, 223.0], [8.0, 223.0], [8.600000381469727, 223.0], [9.734000205993652, 223.0], [11.343259811401367, 223.0], [13.37550163269043, 223.0], [15.784196853637695, 223.0], [18.527935028076172, 223.0], [21.569862365722656, 223.0], [24.877178192138672, 223.0], [28.42068862915039, 223.0], [32.17441177368164, 223.0], [36.11522674560547, 223.0], [40.22255325317383, 223.0], [44.47807312011719, 223.0], [48.86548614501953, 223.0], [53.97028350830078, 223.0], [59.71355438232422, 223.0], [66.02506256103516, 223.0], [72.8423080444336, 223.0], [80.10964965820312, 223.0], [87.777587890625, 223.0], [95.80204772949219, 209.6999969482422], [104.1438217163086, 196.39999389648438], [112.76799774169922, 185.0], [121.64351654052734, 175.5], [130.74273681640625, 167.89999389648438], [140.04103088378906, 162.1999969482422], [149.51651000976562, 158.39999389648438], [159.14968872070312, 156.5], [168.9232177734375, 157.88499450683594], [178.8216552734375, 159.0], [188.83126831054688, 159.0], [198.9398193359375, 159.0], [209.1364288330078, 159.0], [219.41140747070312, 159.0], [229.7561492919922, 159.0], [240.1629638671875, 159.0], [250.62503051757812, 159.0], [261.1362609863281, 160.1382598876953], [271.6912536621094, 164.1057891845703], [282.28521728515625, 170.47817993164062], [292.913818359375, 178.89471435546875], [303.5732727050781, 189.04876708984375], [314.26019287109375, 200.67971801757812], [324.9715576171875, 213.56602478027344], [335.7046813964844, 223.0], [346.4571533203125, 223.0], [357.22686767578125, 223.0], [368.01190185546875, 223.0], [378.8105773925781, 223.0], [389.62139892578125, 223.0], [395.0, 223.0], [395.0, 223.0], [395.0, 223.0], [395.0, 223.0], [395.0, 209.6999969482422], [395.0, 196.39999389648438], [395.0, 185.0], [396.20001220703125, 175.5], [398.468017578125, 167.89999389648438], [401.6865234375, 164.4399871826172], [405.7510070800781, 164.49899291992188], [410.5683898925781, 167.5491485595703], [416.0558776855469, 173.1417694091797], [421.53973388671875, 180.8955078125], [421.53973388671875, 180.8955078125], [421.53973388671875, 180.8955078125], [421.53973388671875, 180.8955078125], [421.53973388671875, 180.8955078125], [421.53973388671875, 180.8955078125], [421.53973388671875, 180.8955078125], [421.53973388671875, 180.8955078125], [421.53973388671875, 180.8955078125], [421.53973388671875, 180.8955078125], [421.53973388671875, 190.48617553710938], [421.53973388671875, 191.0], [421.53973388671875, 191.0], [421.53973388671875, 191.0], [421.53973388671875, 191.0], [421.53973388671875, 191.0], [421.53973388671875, 191.0], [421.53973388671875, 191.0], [421.53973388671875, 191.0], [421.53973388671875, 191.0], [421.53973388671875, 191.0], [421.53973388671875, 191.0], [421.53973388671875, 191.0], [421.53973388671875, 191.0], [421.53973388671875, 191.0], [421.53973388671875, 191.0], [421.53973388671875, 191.0], [421.53973388671875, 191.0], [421.53973388671875, 191.0], [421.53973388671875, 191.0], [421.53973388671875, 191.0], [421.53973388671875, 191.0], [421.53973388671875, 191.0], [421.53973388671875, 191.0], [421.53973388671875, 191.0], [421.53973388671875, 191.0], [421.53973388671875, 191.0], [421.53973388671875, 191.0], [421.53973388671875, 191.0], [421.53973388671875, 191.0], [421.53973388671875, 191.0], [421.53973388671875, 191.0], [421.53973388671875, 191.0], [421.53973388671875, 191.0], [421.53973388671875, 191.0], [421.53973388671875, 191.0], [421.53973388671875, 191.0], [421.53973388671875, 191.0], [421.53973388671875, 191.0], [421.53973388671875, 191.0], [421.53973388671875, 191.0], [422.73974609375, 191.0], [425.00775146484375, 191.0], [428.22625732421875, 191.0], [432.2907409667969, 191.0], [437.1081237792969, 191.0087432861328], [442.5956115722656, 194.01617431640625], [448.6794738769531, 199.57249450683594], [455.2940979003906, 207.2953643798828], [462.381103515625, 216.85980224609375], [469.8885498046875, 223.0], [477.7701721191406, 223.0], [485.9848327636719, 223.0], [494.4958801269531, 223.0], [503.27069091796875, 223.0], [512.2802734375, 223.0], [521.4988403320312, 209.6999969482422], [530.9033203125, 196.39999389648438], [540.4733276367188, 185.0], [550.1906127929688, 175.5], [560.0390014648438, 167.89999389648438], [570.0040893554688, 162.1999969482422], [580.072998046875, 158.39999389648438], [590.2343139648438, 158.1699981689453], [600.4779052734375, 159.0], [610.794677734375, 159.0], [621.1766357421875, 159.0], [631.6165771484375, 159.0], [642.1080932617188, 159.0], [652.6455688476562, 159.0], [663.2239379882812, 160.05770874023438], [673.8386840820312, 163.95677185058594], [684.4857788085938, 170.27096557617188], [695.1616821289062, 178.63803100585938], [705.86328125, 188.7500457763672], [716.5877075195312, 200.3452606201172], [727.3323974609375, 213.20118713378906], [738.09521484375, 223.0], [748.8740844726562, 223.0], [759.6672973632812, 223.0], [770.4732666015625, 223.0], [781.2905883789062, 223.0], [781.2905883789062, 223.0], [781.2905883789062, 223.0], [781.2905883789062, 223.0], [781.2905883789062, 223.0], [781.2905883789062, 223.0], [781.2905883789062, 223.0], [781.2905883789062, 223.0], [781.2905883789062, 223.0], [781.2905883789062, 223.0], [781.2905883789062, 223.0], [781.2905883789062, 223.0], [781.2905883789062, 223.0], [781.2905883789062, 223.0], [781.2905883789062, 223.0], [781.2905883789062, 223.0], [781.2905883789062, 223.0], [781.2905883789062, 223.0], [781.2905883789062, 223.0], [781.2905883789062, 223.0], [781.2905883789062, 223.0], [781.2905883789062, 223.0], [781.2905883789062, 223.0], [781.2905883789062, 223.0], [781.2905883789062, 223.0], [781.2905883789062, 223.0], [781.2905883789062, 223.0], [781.2905883789062, 223.0], [781.2905883789062, 223.0], [781.2905883789062, 223.0], [781.2905883789062, 223.0], [781.2905883789062, 223.0], [781.2905883789062, 223.0], [781.2905883789062, 223.0], [781.2905883789062, 223.0], [781.2905883789062, 223.0], [781.2905883789062, 223.0], [781.2905883789062, 223.0], [781.2905883789062, 223.0], [781.2905883789062, 223.0], [781.2905883789062, 223.0], [781.2905883789062, 223.0], [781.2905883789062, 223.0], [781.2905883789062, 223.0], [781.2905883789062, 223.0], [781.2905883789062, 223.0], [781.2905883789062, 223.0], [781.2905883789062, 223.0], [781.2905883789062, 223.0], [781.2905883789062, 223.0], [781.2905883789062, 223.0], [782.4906005859375, 223.0], [784.7586059570312, 223.0], [787.9771118164062, 223.0], [792.0415649414062, 223.0], [796.8589477539062, 209.6999969482422], [802.346435546875, 196.39999389648438], [808.4302978515625, 185.0], [815.044921875, 175.5], [822.1319580078125, 167.89999389648438], [829.639404296875, 164.4399871826172], [837.5210571289062, 164.49899291992188], [845.7357177734375, 167.5491485595703], [854.2467651367188, 173.1417694091797], [863.0216064453125, 180.8955078125], [872.0311889648438, 190.48617553710938], [881.249755859375, 201.63824462890625], [890.6542358398438, 214.1175079345703], [900.2242431640625, 223.0], [909.9415283203125, 223.0], [919.7899169921875, 223.0], [929.7550048828125, 223.0], [939.8239135742188, 223.0], [949.9852294921875, 223.0], [960.2288208007812, 223.0], [970.5455932617188, 223.0], [980.9275512695312, 209.6999969482422], [987.0, 196.39999389648438], [987.0, 185.0], [988.2000122070312, 175.5], [990.468017578125, 167.89999389648438], [993.6865234375, 162.1999969482422], [997.7509765625, 158.39999389648438], 