{"status": "LOSE", "completing-ratio": 0.10841801762580872, "#kills": 0, "#kills-by-fire": 0, "#kills-by-stomp": 0, "#kills-by-shell": 0, "#coins": 0, "trace": [[8.0, 223.0], [8.0, 223.0], [8.0, 223.0], [8.0, 223.0], [8.0, 223.0], [8.0, 223.0], [8.0, 223.0], [8.0, 223.0], [8.0, 223.0], [8.0, 223.0], [8.0, 223.0], [8.0, 223.0], [8.0, 223.0], [8.0, 223.0], [8.0, 223.0], [8.0, 223.0], [8.0, 223.0], [8.0, 223.0], [8.0, 223.0], [8.0, 223.0], [8.0, 223.0], [8.0, 223.0], [8.0, 223.0], [8.0, 223.0], [8.0, 223.0], [8.0, 223.0], [8.0, 223.0], [8.0, 223.0], [8.0, 223.0], [8.0, 223.0], [8.0, 223.0], [8.0, 223.0], [8.0, 223.0], [8.0, 223.0], [8.0, 223.0], [8.0, 223.0], [8.0, 223.0], [8.0, 223.0], [8.0, 223.0], [8.0, 223.0], [8.0, 223.0], [8.0, 223.0], [8.0, 223.0], [8.0, 223.0], [8.0, 223.0], [8.0, 223.0], [8.0, 223.0], [8.0, 223.0], [8.0, 223.0], [8.0, 223.0], [8.0, 223.0], [8.0, 223.0], [8.0, 223.0], [8.0, 223.0], [8.0, 223.0], [8.0, 223.0], [8.0, 223.0], [8.0, 223.0], [8.0, 223.0], [8.0, 223.0], [8.0, 223.0], [8.0, 223.0], [8.0, 223.0], [8.0, 223.0], [8.0, 223.0], [8.0, 223.0], [8.0, 223.0], [8.0, 223.0], [8.0, 223.0], [8.0, 223.0], [8.0, 223.0], [8.0, 223.0], [8.600000381469727, 223.0], [9.734000205993652, 223.0], [11.343259811401367, 223.0], [13.37550163269043, 223.0], [15.784196853637695, 223.0], [18.527935028076172, 223.0], [21.569862365722656, 223.0], [24.877178192138672, 223.0], [28.42068862915039, 223.0], [32.17441177368164, 223.0], [36.11522674560547, 223.0], [40.22255325317383, 223.0], [44.47807312011719, 223.0], [48.86548614501953, 223.0], [53.37028121948242, 223.0], [57.979549407958984, 223.0], [62.68179702758789, 223.0], [67.466796875, 223.0], [72.32544708251953, 223.0], [77.24964904785156, 223.0], [82.23218536376953, 223.0], [87.26664733886719, 223.0], [92.3473129272461, 223.0], [97.46910858154297, 223.0], [102.62750244140625, 223.0], [107.81847381591797, 223.0], [113.03843688964844, 223.0], [118.2842025756836, 223.0], [123.55293273925781, 223.0], [128.84210205078125, 223.0], [134.1494598388672, 223.0], [139.47300720214844, 223.0], [144.81097412109375, 223.0], [150.16175842285156, 223.0], [155.52395629882812, 223.0], [160.8963165283203, 223.0], [166.2777099609375, 223.0], [171.6671600341797, 223.0], [177.0637664794922, 223.0], [182.4667510986328, 223.0], [187.87539672851562, 223.0], [193.28909301757812, 223.0], [198.70729064941406, 223.0], [204.12948608398438, 223.0], [209.55523681640625, 223.0], [214.98416137695312, 223.0], [220.4158935546875, 223.0], [225.8501434326172, 223.0], [231.28662109375, 223.0], [236.72508239746094, 223.0], [242.16531372070312, 223.0], [247.60711669921875, 209.6999969482422], [253.05032348632812, 196.39999389648438], [258.4947814941406, 185.0], [263.9403381347656, 175.5], [267.0, 167.89999389648438], [267.6000061035156, 162.1999969482422], [267.0, 158.39999389648438], [267.6000061035156, 156.5], [268.7340087890625, 157.88499450683594], [270.34326171875, 159.0], [272.37548828125, 159.0], [274.7841796875, 159.0], [277.5279235839844, 159.0], [280.5698547363281, 159.0], [283.8771667480469, 159.0], [287.4206848144531, 159.0], [291.1744079589844, 159.0], [295.115234375, 160.1382598876953], [299.2225646972656, 164.1057891845703], [303.47808837890625, 170.47817993164062], [307.8655090332031, 178.89471435546875], [312.37030029296875, 189.04876708984375], [316.9795837402344, 200.67971801757812], [321.68182373046875, 213.56602478027344], [326.4668273925781, 223.0], [331.3254699707031, 223.0], [331.3254699707031, 223.0], [331.3254699707031, 223.0], [331.3254699707031, 223.0], [331.3254699707031, 223.0], [331.3254699707031, 223.0], [331.3254699707031, 223.0], [331.3254699707031, 223.0], [331.3254699707031, 223.0], [331.3254699707031, 223.0], [331.3254699707031, 223.0], [331.3254699707031, 223.0], [331.3254699707031, 223.0], [331.3254699707031, 223.0], [331.3254699707031, 223.0], [331.3254699707031, 223.0], [331.3254699707031, 223.0], [331.3254699707031, 223.0], [331.3254699707031, 223.0], [331.3254699707031, 223.0], [331.3254699707031, 223.0], [331.3254699707031, 223.0], [331.3254699707031, 223.0], [331.3254699707031, 223.0], [331.3254699707031, 223.0], [331.3254699707031, 223.0], [331.3254699707031, 223.0], [331.3254699707031, 223.0], [331.3254699707031, 223.0], [331.3254699707031, 223.0], [331.3254699707031, 223.0], [331.3254699707031, 223.0], [331.3254699707031, 223.0], [331.3254699707031, 223.0], [331.3254699707031, 223.0], [331.3254699707031, 223.0], [331.3254699707031, 223.0], [331.3254699707031, 223.0], [331.3254699707031, 223.0], [331.3254699707031, 223.0], [331.3254699707031, 223.0], [331.3254699707031, 223.0], [331.3254699707031, 223.0], [331.3254699707031, 223.0], [331.3254699707031, 223.0], [331.3254699707031, 223.0], [331.3254699707031, 223.0], [331.3254699707031, 223.0], [331.3254699707031, 223.0], [331.3254699707031, 223.0], [331.3254699707031, 223.0], [331.3254699707031, 223.0], [331.3254699707031, 223.0], [331.3254699707031, 223.0], [331.3254699707031, 223.0], [331.3254699707031, 223.0], [331.3254699707031, 223.0], [331.3254699707031, 223.0], [331.3254699707031, 223.0], [331.3254699707031, 223.0], [331.3254699707031, 223.0], [331.3254699707031, 223.0], [331.3254699707031, 223.0], [331.3254699707031, 223.0], [331.3254699707031, 223.0], [331.3254699707031, 223.0], [331.3254699707031, 223.0], [331.3254699707031, 223.0], [331.3254699707031, 223.0], [331.3254699707031, 223.0], [331.3254699707031, 223.0], [331.3254699707031, 223.0], [331.3254699707031, 223.0], [331.3254699707031, 223.0], [331.3254699707031, 223.0], [331.3254699707031, 223.0], [331.3254699707031, 223.0], [331.3254699707031, 223.0], [331.3254699707031, 223.0], [331.3254699707031, 223.0], [331.3254699707031, 223.0], [331.3254699707031, 223.0], [331.3254699707031, 223.0], [331.3254699707031, 223.0], [331.3254699707031, 223.0], [331.3254699707031, 223.0], [331.3254699707031, 223.0], [331.3254699707031, 223.0], [331.3254699707031, 223.0], [331.3254699707031, 223.0], [331.3254699707031, 223.0], [331.3254699707031, 223.0], [331.3254699707031, 223.0], [331.3254699707031, 223.0], [331.3254699707031, 223.0], [331.3254699707031, 223.0], [331.3254699707031, 223.0], [331.3254699707031, 223.0], [331.3254699707031, 223.0], [331.3254699707031, 223.0], [331.3254699707031, 223.0], [331.3254699707031, 223.0], [331.3254699707031, 223.0], [331.3254699707031, 223.0], [331.3254699707031, 223.0], [331.3254699707031, 223.0], [331.3254699707031, 223.0], [331.3254699707031, 223.0], [331.3254699707031, 223.0], [331.3254699707031, 223.0], [331.3254699707031, 223.0], [331.3254699707031, 223.0], [331.3254699707031, 223.0], [331.3254699707031, 223.0], [331.3254699707031, 223.0], [331.3254699707031, 223.0], [331.3254699707031, 223.0], [331.3254699707031, 223.0], [331.3254699707031, 223.0], [331.3254699707031, 223.0], [331.3254699707031, 223.0], [331.3254699707031, 223.0], [331.3254699707031, 223.0], [331.3254699707031, 223.0], [331.3254699707031, 223.0], [331.3254699707031, 223.0], [331.3254699707031, 223.0], [331.3254699707031, 223.0], [331.3254699707031, 223.0], [331.3254699707031, 223.0], [331.3254699707031, 223.0], [331.3254699707031, 223.0], [331.3254699707031, 223.0], [331.3254699707031, 223.0], [331.3254699707031, 223.0], [331.3254699707031, 223.0], [331.3254699707031, 223.0], [331.3254699707031, 223.0], [331.3254699707031, 223.0], [331.3254699707031, 223.0], [331.3254699707031, 223.0], [331.3254699707031, 223.0], [331.3254699707031, 223.0], [331.3254699707031, 223.0], [331.3254699707031, 223.0], [331.3254699707031, 223.0], [331.3254699707031, 223.0], [331.3254699707031, 223.0], [331.3254699707031, 223.0], [331.3254699707031, 223.0], [331.3254699707031, 223.0], [331.3254699707031, 223.0], [331.3254699707031, 223.0], [331.3254699707031, 223.0], [331.3254699707031, 223.0], [331.3254699707031, 223.0], [331.3254699707031, 223.0], [331.3254699707031, 223.0], [331.3254699707031, 223.0], [331.3254699707031, 223.0], [331.3254699707031, 223.0], [331.3254699707031, 223.0], 