{"status": "LOSE", "completing-ratio": 0.10550691932439804, "#kills": 1, "#kills-by-fire": 0, "#kills-by-stomp": 1, "#kills-by-shell": 0, "#coins": 1, "trace": [[8.0, 223.0], [8.0, 223.0], [8.0, 223.0], [8.0, 223.0], [8.0, 223.0], [8.0, 223.0], [8.0, 223.0], [8.0, 223.0], [8.0, 223.0], [8.0, 223.0], [8.0, 223.0], [8.0, 223.0], [8.0, 223.0], [8.0, 223.0], [8.0, 223.0], [8.0, 223.0], [8.0, 223.0], [8.0, 223.0], [8.600000381469727, 223.0], [9.734000205993652, 223.0], [11.343259811401367, 223.0], [13.37550163269043, 223.0], [15.784196853637695, 223.0], [18.527935028076172, 223.0], [21.569862365722656, 223.0], [24.877178192138672, 223.0], [28.42068862915039, 223.0], [32.17441177368164, 223.0], [36.11522674560547, 223.0], [40.22255325317383, 223.0], [44.47807312011719, 223.0], [48.86548614501953, 223.0], [53.37028121948242, 223.0], [57.979549407958984, 223.0], [62.68179702758789, 209.6999969482422], [67.466796875, 196.39999389648438], [72.32544708251953, 185.0], [77.24964904785156, 178.30999755859375], [82.23218536376953, 175.62350463867188], [87.26664733886719, 176.33998107910156], [92.3473129272461, 179.94898986816406], [97.46910858154297, 186.0166473388672], [102.62750244140625, 194.1741485595703], [107.81847381591797, 204.1080322265625], [113.03843688964844, 215.5518341064453], [118.2842025756836, 223.0], [123.55293273925781, 223.0], [128.84210205078125, 223.0], [134.1494598388672, 223.0], [139.47300720214844, 223.0], [144.81097412109375, 223.0], [150.16175842285156, 209.6999969482422], [155.52395629882812, 196.39999389648438], [160.8963165283203, 185.0], [166.2777099609375, 178.30999755859375], [171.6671600341797, 175.62350463867188], [177.0637664794922, 176.33998107910156], [182.4667510986328, 179.94898986816406], [187.87539672851562, 186.0166473388672], [193.28909301757812, 194.1741485595703], [198.70729064941406, 204.1080322265625], [204.12948608398438, 215.5518341064453], [208.95523071289062, 223.0], [213.25015258789062, 223.0], [217.0726318359375, 223.0], [220.47463989257812, 223.0], [223.50242614746094, 223.0], [226.19715881347656, 223.0], [228.595458984375, 223.0], [230.72994995117188, 223.0], [232.62965393066406, 223.0], [234.3203887939453, 223.0], [235.82513427734375, 223.0], [237.7643585205078, 223.0], [240.09027099609375, 223.0], [242.7603302001953, 223.0], [245.73667907714844, 223.0], [248.9856414794922, 223.0], [251.0, 209.6999969482422], [251.60000610351562, 196.39999389648438], [251.0, 185.0], [251.60000610351562, 175.5], [252.7340087890625, 170.4250030517578], [254.34326171875, 169.1112518310547], [256.37548828125, 170.99456787109375], [258.7841796875, 175.5953826904297], [261.5279235839844, 182.50607299804688], [264.5698547363281, 191.0], [267.8771667480469, 191.0], [271.4206848144531, 191.0], [275.1744079589844, 191.0], [279.115234375, 191.0], [283.2225646972656, 191.0], [287.47808837890625, 177.6999969482422], [291.8655090332031, 164.39999389648438], [296.37030029296875, 153.0], [300.9795837402344, 146.30999755859375], [305.68182373046875, 143.62350463867188], [310.4668273925781, 144.33998107910156], [315.3254699707031, 147.94898986816406], [320.2496643066406, 154.0166473388672], [325.2322082519531, 162.1741485595703], [330.26666259765625, 172.1080322265625], [335.3473205566406, 183.5518341064453], [340.4691162109375, 196.27906799316406], [345.62750244140625, 210.0972137451172], [350.8184814453125, 223.0], [356.0384521484375, 223.0], [361.2842102050781, 223.0], [363.0, 209.6999969482422], [363.6000061035156, 196.39999389648438], [363.0, 185.0], [363.6000061035156, 175.5], [363.0, 170.4250030517578], [363.6000061035156, 169.1112518310547], [363.0, 170.99456787109375], [363.6000061035156, 175.5953826904297], [363.0, 182.50607299804688], [363.6000061035156, 191.38015747070312], [363.0, 201.92312622070312], [363.6000061035156, 213.88465881347656], [363.0, 223.0], [363.6000061035156, 223.0], [363.6000061035156, 223.0], [363.0, 223.0], [363.0, 223.0], [363.0, 223.0], [363.0, 223.0], [363.0, 223.0], [363.0, 223.0], [363.0, 223.0], [363.0, 223.0], [363.0, 223.0], [363.0, 223.0], [363.0, 223.0], [363.0, 223.0], [363.0, 223.0], [363.0, 223.0], [363.0, 223.0], [363.0, 223.0], [363.0, 223.0], [363.0, 223.0], [363.0, 223.0], [363.0, 223.0], [363.0, 223.0], [363.0, 223.0], [363.0, 223.0], [363.0, 223.0], [363.0, 223.0], [363.0, 223.0], [363.0, 223.0], [363.0, 223.0], [363.0, 223.0], [363.0, 223.0], [363.0, 223.0], [363.0, 223.0], [363.0, 223.0], [363.0, 223.0], [363.0, 223.0], [363.0, 223.0], [363.0, 223.0], [363.0, 223.0], [363.0, 223.0], [363.0, 223.0], [363.0, 223.0], [363.0, 223.0], [363.0, 223.0], [363.0, 223.0], [363.0, 223.0], [363.0, 223.0], [363.0, 223.0], [363.0, 223.0], [363.0, 223.0], [363.0, 223.0], [363.0, 223.0], [362.3999938964844, 223.0], [361.2659912109375, 223.0], [359.65673828125, 223.0], [357.62451171875, 223.0], [355.2158203125, 223.0], [353.07208251953125, 223.0], [351.1641540527344, 223.0], [349.4660949707031, 223.0], [347.954833984375, 223.0], [346.60980224609375, 223.0], [345.4127197265625, 223.0], [344.3473205566406, 223.0], [342.7991027832031, 223.0], [340.8211975097656, 223.0], [338.46087646484375, 223.0], [335.76019287109375, 209.6999969482422], [332.7565612792969, 196.39999389648438], [329.48333740234375, 185.0], [325.9701843261719, 178.30999755859375], [322.24346923828125, 175.62350463867188], [318.3266906738281, 176.33998107910156], [314.2407531738281, 179.94898986816406], [310.0042724609375, 186.0166473388672], [305.6338195800781, 194.1741485595703], [301.7441101074219, 204.1080322265625], [298.2822570800781, 215.5518341064453], [295.2012023925781, 223.0], [292.4590759277344, 223.0], [292.0, 223.0], [292.0, 223.0], [292.0, 223.0], [292.6000061035156, 223.0], [293.7340087890625, 223.0], [295.34326171875, 209.6999969482422], [297.37548828125, 196.39999389648438], [299.7841796875, 185.0], [302.5279235839844, 175.5], [305.5698547363281, 170.4250030517578], [308.8771667480469, 169.1112518310547], [312.4206848144531, 170.99456787109375], [316.1744079589844, 175.5953826904297], [320.115234375, 182.50607299804688], [324.2225646972656, 191.38015747070312], [328.47808837890625, 201.92312622070312], [332.8655090332031, 213.88465881347656], [337.37030029296875, 223.0], [341.9795837402344, 223.0], [346.68182373046875, 223.0], [351.4668273925781, 223.0], [351.4668273925781, 223.0], [351.4668273925781, 223.0], [351.4668273925781, 223.0], [351.4668273925781, 223.0], [351.4668273925781, 223.0], [351.4668273925781, 223.0], [351.4668273925781, 223.0], [351.4668273925781, 223.0], [351.4668273925781, 223.0], [351.4668273925781, 223.0], [351.4668273925781, 223.0], [351.4668273925781, 223.0], [351.4668273925781, 223.0], [351.4668273925781, 223.0], [351.4668273925781, 223.0], [351.4668273925781, 223.0], [351.4668273925781, 223.0], [351.4668273925781, 223.0], [351.4668273925781, 223.0], [351.4668273925781, 223.0], [351.4668273925781, 223.0], [351.4668273925781, 223.0], [351.4668273925781, 223.0], [351.4668273925781, 223.0], [351.4668273925781, 223.0], [351.4668273925781, 223.0], [351.4668273925781, 223.0], [351.4668273925781, 223.0], [351.4668273925781, 223.0], [351.4668273925781, 223.0], [351.4668273925781, 223.0], [351.4668273925781, 223.0], [351.4668273925781, 223.0], [351.4668273925781, 223.0], [351.4668273925781, 223.0], [351.4668273925781, 223.0], [351.4668273925781, 223.0], [351.4668273925781, 223.0], [351.4668273925781, 223.0], [351.4668273925781, 223.0], [351.4668273925781, 223.0], [351.4668273925781, 223.0], [351.4668273925781, 223.0], [351.4668273925781, 223.0], [351.4668273925781, 223.0], [351.4668273925781, 223.0], [351.4668273925781, 223.0], [351.4668273925781, 223.0], [351.4668273925781, 223.0], [351.4668273925781, 223.0], [350.8668212890625, 223.0], [349.7328186035156, 223.0], [348.72357177734375, 223.0], [347.8253173828125, 223.0], [347.02587890625, 223.0], [346.31439208984375, 223.0], [345.68115234375, 223.0], [345.1175842285156, 223.0], [344.0159912109375, 209.6999969482422], [342.4355773925781, 196.39999389648438], 